,lat1,lon1,lat2,lon2
0,35.300647857101445,119.69849030076695,35.32024997702408,119.69831667243672
1,35.30054235688019,119.69818430542183,35.32020002833176,119.69803332685662
2,35.300355913551336,119.69758852719498,35.320150020034795,119.69774999617768
3,35.300242187889104,119.69678347706032,35.32010001173783,119.69746666549874
4,35.30037367573548,119.69583869873715,35.32005000344086,119.6971833348198
5,35.30093574753571,119.69483292996121,35.319999995143895,119.69690000414086
6,35.30148208370972,119.69380795358849,35.319800021560674,119.6967666685505
7,35.30219435921479,119.69310953616333,35.31959998837281,119.69663333296013
8,35.30298698178101,119.69280298947525,35.319400014789586,119.69649999736977
9,35.30361229410935,119.69278072714043,35.31926000347901,119.69649999736977
10,35.30378139248658,119.69289641975594,35.31911999216843,119.69649999736977
11,35.303304436119085,119.69303064941597,35.318979980857854,119.69649999736977
12,35.302866818817144,119.69314666985703,35.31884002915192,119.69649999736977
13,35.30252528420258,119.69326006769371,35.318700017841344,119.69649999736977
14,35.302328767688756,119.69338505863381,35.31849998465348,119.69647499322129
15,35.302160503776555,119.69355174302292,35.31830001107026,119.69645000397396
16,35.302001597793584,119.69376469551754,35.31809997788239,119.69642499982548
17,35.30180585614014,119.69400616883469,35.31790000429917,119.696399995677
18,35.30152714482117,119.69426121710968,35.31774997940827,119.69649999736977
19,35.30109197130967,119.69447448252869,35.317600014122014,119.69659999906254
20,35.3006415390091,119.6946463525219,35.317449989231115,119.69670000075531
21,35.30022704830933,119.69480041562748,35.31730002394486,119.69680000244809
22,35.29990124932099,119.6949524670763,35.31725001564789,119.69682500659657
23,35.29978394738007,119.69522334038449,35.31720000735093,119.69684999584389
24,35.29971641531754,119.6956087440176,35.31714999905396,119.69687499999237
25,35.29961890211869,119.69606141149235,35.317099990756994,119.69690000414086
26,35.299402179630285,119.69654273390007,35.31712001791764,119.69685999452305
27,35.29889786473084,119.69685585200024,35.31713998547364,119.69681999980641
28,35.298353972347265,119.69698531328869,35.31716001263428,119.69678000508976
29,35.29788589707184,119.69699376224709,35.31717998019028,119.69673999547196
30,35.29761803379822,119.69693304001522,35.31720000735093,119.69670000075531
31,35.297685208232885,119.69685784875584,35.31720000735093,119.69671666025353
32,35.29779660931397,119.69686763881874,35.31720000735093,119.6967333346529
33,35.29793066016007,119.69697337745858,35.31720000735093,119.69674999415112
34,35.29802340498734,119.69714395105076,35.31720000735093,119.6967666685505
35,35.29800534477997,119.69735283552838,35.31720000735093,119.69678332804871
36,35.29780435791779,119.69757043718529,35.31720000735093,119.69680000244809
37,35.29760188093949,119.6977862358017,35.317233326347356,119.6967666685505
38,35.297365667732244,119.69792965947819,35.317266645343786,119.6967333346529
39,35.297114016922,119.69799254237843,35.31730002394486,119.69670000075531
40,35.29689753285218,119.6980016171856,35.31736666193772,119.69670000075531
41,35.29677450886536,119.69798430203629,35.31743335953522,119.69670000075531
42,35.29680991402436,119.69796743392182,35.31749999752808,119.69670000075531
43,35.29685187569428,119.69795834421349,35.31819999447632,119.696399995677
44,35.297254087837224,119.6989277243538,35.31849998465348,119.69653325676155
45,35.29758393994141,119.6998382747097,35.31879997483063,119.69666650294495
46,35.29739922514725,119.70028696357441,35.31910002461243,119.69679974912835
47,35.296604814441686,119.7004403710289,35.319400014789586,119.69693299531174
48,35.29508435955811,119.70029502510262,35.31959998837281,119.69709999262524
49,35.295532884510045,119.70021096765232,35.31994998684693,119.69764150082302
50,35.2957963966446,119.69999001323414,35.32029998532105,119.69818299411965
51,35.295947136791234,119.69948700963688,35.32028335562516,119.69833300410939
52,35.29596215716172,119.6983870655222,35.32026666632462,119.69848299919796
53,35.29614293804932,119.69668191074562,35.32024997702408,119.69863299428654
54,35.29717904558945,119.69456350206566,35.32025563946534,119.69867200552655
55,35.29937815895844,119.69349428414536,35.320261361511236,119.69871100186539
56,35.302754762084966,119.69385906457138,35.32026702395249,119.69874999820424
57,35.305453541191106,119.6953103482647,35.32025033465195,119.69874999820424
58,35.30611026516724,119.69677532612515,35.320233645351415,119.69874999820424
59,35.304116370590215,119.69760327934456,35.32021701565552,119.69874999820424
60,35.30230194559861,119.69791586100293,35.32021135321427,119.69878333210183
61,35.30113047591019,119.69796572028828,35.320205690773015,119.69881666599942
62,35.30111885300446,119.69797832667065,35.32020002833176,119.698849999897
63,35.3011093162613,119.69799853264523,35.32017767658997,119.69889433085156
64,35.30110109082032,119.69802668093872,35.32015532484818,119.69893866180611
65,35.30109262696076,119.69806184767914,35.32013297310639,119.69898299276066
66,35.301080706031804,119.69809939860535,35.32011097899247,119.69903300105763
67,35.30108392468262,119.69816494881344,35.320088984878545,119.69908299445343
68,35.30109399786759,119.69826085268689,35.32006699076462,119.6991330027504
69,35.30108928910065,119.69837556182576,35.32004463902283,119.69914966224862
70,35.30102062454987,119.69847347735596,35.320022346885686,119.69916633664799
71,35.300871434124,119.69854150115681,35.319999995143895,119.6991829961462
72,35.30073988667298,119.698586815588,35.32000565758515,119.69920533298684
73,35.30066389075089,119.69861567913723,35.3200113200264,119.69922766982747
74,35.3006740235405,119.69863722621632,35.320016982467656,119.6992500066681
75,35.30068671932984,119.69865784942341,35.320022346885686,119.69926666616631
76,35.300697388561254,119.69867757856083,35.32002765169907,119.69928334056569
77,35.3007019781189,119.69869657754136,35.3200330161171,119.6993000000639
78,35.30070656767655,119.69871430992318,35.31998867026139,119.6993000000639
79,35.30070758095551,119.69872786997986,35.319944324405675,119.6993000000639
80,35.300701262863164,119.69873634874058,35.31989997854996,119.6993000000639
81,35.300685050399785,119.69874071478081,35.3198750042038,119.69932500421238
82,35.30065930119324,119.69874591528607,35.319849970252996,119.6993499934597
83,35.30062604180146,119.69875464736653,35.319824995906835,119.69937499760819
84,35.30059683552552,119.69876917599869,35.319800021560674,119.69940000175667
85,35.30057174197007,119.69878850280476,35.319800021560674,119.69942767321301
86,35.30055618515778,119.69880939423275,35.319800021560674,119.69945532976818
87,35.30054646960068,119.69882785677147,35.319800021560674,119.69948300122452
88,35.30053860178757,119.69884470998478,35.319800021560674,119.69948866366578
89,35.30052018395234,119.69886268078518,35.319800021560674,119.69949432610703
90,35.300491216094976,119.69888232051564,35.319800021560674,119.69950000344944
91,35.300468506725316,119.69890182613564,35.3198333405571,119.69946666955185
92,35.30046820870209,119.69891100525093,35.31986665955353,119.69943333565426
93,35.30049848786164,119.69890571533871,35.31989997854996,119.69940000175667
94,35.30053222409058,119.69888938366604,35.31987232199479,119.6994223385973
95,35.30019259682465,119.69821856319142,35.31984466543961,119.69944466053677
96,35.29959643116761,119.69681681095791,35.319817008884435,119.6994669973774
97,35.29920590153504,119.69490403830243,35.31980848542023,119.69944600164128
98,35.29996550312806,119.6933220118208,35.319800021560674,119.69942500590516
99,35.302272202880864,119.69237850009632,35.31979149809647,119.69940399526787
100,35.30425447455216,119.69194328188134,35.31978297463227,119.69938299953175
101,35.305415453823095,119.6918377369566,35.31975800028611,119.69935799538327
102,35.30539638033677,119.69182817041111,35.31973302593995,119.69933300613594
103,35.30537337294388,119.69181262849999,35.31970799198914,119.69930800198746
104,35.30534833899308,119.69179252683354,35.31968301764298,119.69928299783898
105,35.305324079902654,119.69176956414414,35.319649996669774,119.6992500066681
106,35.3052527927475,119.6918278276844,35.31975001326371,119.69915000497532
107,35.30513626566697,119.69198159276677,35.31935000649262,119.69859149455262
108,35.305453660400396,119.6926628142519,35.31896698704529,119.69794999956322
109,35.30578196278382,119.69346494375897,35.31775850287247,119.69630850254727
110,35.30509215822983,119.69368278383446,35.31203365555573,119.68753367065621
111,35.30286139479447,119.69233044385147,35.311772348793035,119.66399433612061
112,35.29979795447159,119.68595903515053,35.31122499934006,119.64168349801731
113,35.30541074505616,119.6597894221468,35.311183454902654,119.63153711854649
114,35.305894615562444,119.64068605899048,35.3159829997139,119.61154999732209
115,35.30325019589234,119.62544401883316,35.31968617668915,119.60213633774949
116,35.301331224353795,119.61264749764634,35.33207500210572,119.57068350314331
117,35.301891627223974,119.60012450217438,35.342070760639196,119.54672073721123
118,35.31064844361115,119.59198556243611,35.35845566025544,119.53627767562104
119,35.31797254315186,119.57277866601181,35.35984587899018,119.53578963278962
120,35.324892523200994,119.5574965715332,35.36018300286103,119.53416698574257
121,35.331331553371434,119.54713808893395,35.36019999018479,119.53420000671578
122,35.335743191154485,119.54272984861565,35.360233011157995,119.5342670023365
123,35.3380554937439,119.54174997805787,35.36014998188782,119.53428300618363
124,35.33650416365433,119.54274251460266,35.36023330918122,119.53425531982613
125,35.334884586246496,119.54294904469681,35.36031669607926,119.53422766327095
126,35.335241439254766,119.54267617463303,35.360400023372655,119.53420000671578
127,35.33555639019776,119.54238834380341,35.36036664477158,119.53420000671578
128,35.33567369213868,119.54204859732819,35.36033332577515,119.53420000671578
129,35.33570397129822,119.54119374751282,35.36030000677872,119.53420000671578
130,35.335724475296026,119.54118611811829,35.36030000677872,119.53416665791703
131,35.33571839562226,119.54117914437485,35.36030000677872,119.5341333389206
132,35.33569109669495,119.54116999506188,35.36030000677872,119.53409999012185
133,35.33567273846436,119.54115601777268,35.36033332577515,119.5341333389206
134,35.33567559948731,119.54114600419236,35.36036664477158,119.53416665791703
135,35.335704507740026,119.54114475249482,35.360400023372655,119.53420000671578
136,35.33573776713181,119.5411567032261,35.36035824051667,119.53421675562096
137,35.33576572171021,119.54117687939835,35.360316517265325,119.53423350452614
138,35.33577823868561,119.54120158552361,35.36027473440934,119.53425025343132
139,35.33577597370911,119.541221404068,35.360233011157995,119.5342670023365
140,35.335757555873876,119.54123696088028,35.36019975176621,119.53422524928284
141,35.335724356086736,119.54124006032181,35.360166492374425,119.53418349622918
142,35.33569181195069,119.54123013614846,35.36013323298264,119.53414174317551
143,35.33566045990754,119.54120757579041,35.360099973590856,119.53409999012185
144,35.33563029995728,119.54117452501488,35.36014998188782,119.53409176468087
145,35.3356072925644,119.54113998412323,35.36019999018479,119.53408350943756
146,35.33559644451905,119.54111423491669,35.360249998481756,119.53407525419426
147,35.33560204735566,119.54109724759293,35.36030000677872,119.53406699895096
148,35.33562577000428,119.54108771084977,35.36023330918122,119.5340446770115
149,35.33565867176819,119.54108037947846,35.36016667118836,119.5340223252697
150,35.33567446699906,119.54106801151467,35.360099973590856,119.53400000333023
151,35.335667433650976,119.54105063676072,35.360066654594426,119.53400000333023
152,35.33563786974717,119.54103260635567,35.360033335598,119.53400000333023
153,35.335589411170965,119.5410165429039,35.36000001660157,119.53400000333023
154,35.33554780712891,119.54100593327713,35.36004436245728,119.5340500116272
155,35.33551883927155,119.5410086750908,35.36008864870835,119.53409999012185
156,35.335508527668004,119.54102736114693,35.36013299456406,119.53414999841881
157,35.3355137132721,119.54105832575989,35.36012202730942,119.53428333400917
158,35.335963489921575,119.54205217360688,35.36011100045014,119.53441666959954
159,35.336651089103704,119.54410710334015,35.360099973590856,119.5345500051899
160,35.33694446316529,119.54681017398072,35.36014998188782,119.53446250557137
161,35.335902693183904,119.54886599778366,35.36019999018479,119.53437500595284
162,35.333028557212835,119.5500209867878,35.360249998481756,119.53428750633431
163,35.330337526710515,119.5505611836834,35.36030000677872,119.53420000671578
164,35.32845747700501,119.55078634022904,35.36024147501755,119.5341915130539
165,35.328295054348,119.5508238315506,35.36018300286103,119.5341829895897
166,35.328102054508214,119.550831818573,35.36014974346924,119.53419973849488
167,35.327880027206426,119.55072524546814,35.36011648407746,119.53421648740006
168,35.327691914947515,119.55051195024681,35.360083224685674,119.53423323630524
169,35.327657225044256,119.55024071931076,35.360050024898534,119.53424998521042
170,35.32773483029175,119.54993706344796,35.36017501583863,119.53422501086426
171,35.32714081040192,119.54782056211663,35.36030000677872,119.53420000671578
172,35.32582807770539,119.54393961428833,35.36030000677872,119.53420000671578
173,35.326038482101445,119.54077830313874,35.36030000677872,119.53420000671578
174,35.32881832352448,119.53877990841103,35.36030000677872,119.53420000671578
175,35.33462125292588,119.53757106661034,35.36033332577515,119.53423332571221
176,35.33827841511536,119.53770580290985,35.36036664477158,119.53426667451096
177,35.33877831927109,119.53888502120209,35.360400023372655,119.53429999350739
178,35.339113118560796,119.54047491549683,35.36035549870301,119.53427782057953
179,35.33867967358399,119.54174520968628,35.36031097403336,119.534255677454
180,35.33722383013535,119.54253300427628,35.36026650896836,119.53423350452614
181,35.33584273091126,119.5429662108345,35.36022198429871,119.53421133159829
182,35.33487165203858,119.54322629570198,35.36017751923371,119.53418915867043
183,35.33470076552201,119.54339387416077,35.36013299456406,119.53416698574257
184,35.33452874651719,119.54356109499169,35.360177638443,119.53417232035828
185,35.334334375770574,119.54367485045624,35.36022234192658,119.53417765497399
186,35.33413475981522,119.54373326300812,35.36026698580552,119.5341829895897
187,35.333970668228154,119.54376032351685,35.36028349629212,119.53417050241661
188,35.33388221493531,119.54377066492272,35.36030000677872,119.53415798544121
189,35.33391273251343,119.54377135037613,35.360316517265325,119.53414549826813
190,35.33393776646424,119.54376765488816,35.36033302775193,119.53413301109505
191,35.33395666113663,119.54376023410988,35.36029976836014,119.53414976000023
192,35.33399057617951,119.54380532502365,35.36026650896836,119.53416650890541
193,35.33403253784943,119.54391100405884,35.360233249576574,119.5341832578106
194,35.334048571498876,119.54405620097351,35.36019999018479,119.53420000671578
195,35.334002139480596,119.54422333239746,35.360166492374425,119.53422501086426
196,35.333914639862066,119.54454030989838,35.36013299456406,119.53424998521042
197,35.33386302223969,119.5450046598835,35.36014974346924,119.53423749803734
198,35.333686115654,119.54536443351937,35.360166492374425,119.53422501086426
199,35.33332503071595,119.54556097983551,35.36018324127961,119.53421249388886
200,35.332781913192754,119.54564913510514,35.36019999018479,119.53420000671578
201,35.332431437881475,119.54566749333573,35.360233249576574,119.53421675562096
202,35.33241498699952,119.54562910794449,35.36026650896836,119.53423350452614
203,35.33238947621155,119.54557087420655,35.36029976836014,119.53425025343132
204,35.33238119116593,119.54550378917885,35.36033302775193,119.5342670023365
205,35.33241880169678,119.54543420075608,35.360324742706304,119.53427525757981
206,35.332549633892064,119.54538842438889,35.360316517265325,119.53428351282311
207,35.332685949714666,119.54536672829819,35.3603082322197,119.53429173826409
208,35.332800033004766,119.54535814522934,35.36030000677872,119.53429999350739
209,35.33286309471894,119.545355433218,35.36026668778229,119.53426667451096
210,35.33283603421021,119.54535281061364,35.36023330918122,119.53423332571221
211,35.332801284702306,119.5453455686493,35.36019999018479,119.53420000671578
212,35.332765819938665,119.54533278345299,35.36022234192658,119.53420000671578
213,35.33273029557038,119.54527210592461,35.36024469366837,119.53420000671578
214,35.332710029991155,119.54516264199448,35.36026698580552,119.53420000671578
215,35.332709791572576,119.54502879976464,35.360272350223546,119.53421100377274
216,35.332794668586736,119.54499527215195,35.36027765503693,119.5342220008297
217,35.33297461500931,119.54507740735245,35.36028301945496,119.53423299788666
218,35.33311784497071,119.54523351191712,35.36027765503693,119.53422766327095
219,35.33312535515595,119.5453626155777,35.360272350223546,119.53422232865525
220,35.33292305699158,119.54543962477875,35.36026698580552,119.53421699403954
221,35.332738997848516,119.54547175168229,35.36021697750855,119.53414999841881
222,35.331927421005254,119.54627224206162,35.36019999018479,119.53420000671578
223,35.3316758894043,119.54668172597123,35.36021697750855,119.53421699403954
224,35.330951990993505,119.5451104879303,35.36016702881623,119.53420000671578
225,35.33080518475342,119.54322388171387,35.360337498100286,119.53452500104142
226,35.33291143408585,119.54481005071831,35.35985422364045,119.53498774170113
227,35.334180118949895,119.54458459614945,35.36167907944489,119.53632500170899
228,35.33621257773209,119.54665770529938,35.3502665185051,119.54200851320458
229,35.33248520127106,119.54905929564667,35.30809998741913,119.62609999775124
230,35.324236514480596,119.56485327481461,35.247550012977605,119.77906699999404
231,35.315655889423375,119.60970237254334,35.2272830032425,119.84608299992216
232,35.2948083900528,119.67500469981861,35.189450027854924,120.09628301262093
233,35.268713595779424,119.77987272440625,35.18790000906754,120.10631700753403
234,35.233355166824346,119.89338752030564,35.185124280364995,120.12577112912369
235,35.20336449375916,119.98838269113732,35.182348611267095,120.14522525071335
236,35.185445668609624,120.05329915284348,35.17957288256455,120.16467937230301
237,35.17212575903702,120.10068356394005,35.176797153862005,120.18413349389267
238,35.16879999867249,120.11593925356102,35.174021484764104,120.20358761548233
239,35.16501510372925,120.13256808518601,35.17124575606156,120.223041737072
240,35.161204101951604,120.14901458620263,35.168470027359014,120.24249588846398
241,35.1573697351532,120.16527351140213,35.16569435826111,120.26195001005364
242,35.15351510277558,120.1813398837967,35.16291862955857,120.2814041316433
243,35.149643125446325,120.19720920323563,35.16014290085602,120.30085825323296
244,35.145756604583745,120.2128772973938,35.15736723175812,120.32031237482262
245,35.14185840121079,120.22834058999253,35.15459150305558,120.33976649641228
246,35.28263855210114,119.66749196647835,35.259689273746496,119.66883150636387
247,35.28322220078278,119.65577689706517,35.25980973473359,119.66883099972439
248,35.27596497765351,119.6507168203516,35.25990176430512,119.66882250606251
249,35.25286597243119,119.66438502966595,35.25984025231171,119.6682537436409
250,35.24895966282654,119.6626025676651,35.258163752468114,119.66747000216675
251,35.30777514210511,119.65002369283867,35.35834747782517,119.58637248872948
252,35.318841936500554,119.62670136391354,35.358286502273565,119.58649348615837
253,35.32699650755692,119.60927229522896,35.29001897803116,119.66014900206757
254,35.32528835764695,119.61176584064198,35.288984002979284,119.66051549612713
255,35.315256359489446,119.62615785896016,35.28896051874924,119.66054050027562
256,35.30473077526856,119.64096389114094,35.288936974914556,119.6605655044241
257,35.288300278099065,119.65400371848774,35.288913490684514,119.66059049367142
258,35.27560639611054,119.6631334364338,35.28889000645447,119.6606154978199
259,35.280554416091924,119.6465173602028,35.28887009850312,119.66063674687577
260,35.28052491179276,119.64015125631524,35.28885019055176,119.66065799593163
261,35.27736389866639,119.64171335994435,35.28883022299576,119.66067924498749
262,35.27401471367646,119.64591931699944,35.28881031504441,119.66070049404335
263,35.272235038192754,119.65130867957306,35.28879040709305,119.66072174309922
264,35.27378982535172,119.66356214284134,35.2887704991417,119.66074300705624
265,35.273244800479894,119.66419988273812,35.288830997856145,119.66064650713635
266,35.27230972281266,119.66441955565644,35.28885948887635,119.6608945071621
267,35.27048909893799,119.66358233391476,35.290850522430425,119.66180699466896
268,35.2682347320633,119.66388153433037,35.291049482734685,119.66169799267483
269,35.26839137306977,119.66278436183167,35.291356029422765,119.66173950730992
270,35.270626308830266,119.6611317336483,35.289411010654455,119.66023100315762
271,35.27538568011094,119.66215079426003,35.28887498608399,119.66025399564934
272,35.277686538608556,119.66382851599884,35.288934471519475,119.66009650527668
273,35.277932169349675,119.66391230522824,35.28896051874924,119.66001550256443
274,35.276613476188665,119.66358708738518,35.289013984115606,119.65999149679375
275,35.27291572323609,119.66213634013367,35.288821997554784,119.66007300614548
276,35.27389419308472,119.66049056648446,35.289016487510686,119.6598605006857
277,35.27461683979798,119.65975534319115,35.289327027709966,119.65979000329209
278,35.27573991051484,119.66034571229649,35.28979999056626,119.65969099997712
279,35.27450311413575,119.66308882235718,35.28990698090363,119.65969800352288
280,35.274002196701055,119.66368556915951,35.28971302738953,119.65963699816895
281,35.27297425499726,119.66301328837109,35.28905898562241,119.65936800240708
282,35.272910418422704,119.66284307240677,35.28912848463822,119.65913800298405
283,35.273667695434575,119.6611576169653,35.28870302668381,119.65903950630856
284,35.274900140674596,119.65991800426674,35.28869551649857,119.65875200330449
285,35.27364504566956,119.6578500807209,35.28939998379517,119.65797750055027
286,35.27988171807099,119.6435808330698,35.2894053482132,119.65793687998486
287,35.28105426064301,119.63814147710038,35.289410772235875,119.65789624451828
288,35.27739989987183,119.63879316448403,35.289416136653905,119.65785562395287
289,35.27828061810303,119.64111555515957,35.289421501071935,119.65781500338746
290,35.273752691658025,119.64410971998406,35.28911602726746,119.65789399444294
291,35.2777487658577,119.6551894932909,35.28922051420975,119.65787900387478
292,35.27957797280121,119.65859338044358,35.289331498058324,119.65780649482441
293,35.27717483273316,119.65812067090702,35.28929722538758,119.65781024991703
294,35.27364200583268,119.65647678970528,35.28926301232148,119.65781400500966
295,35.27053731909562,119.65574716924858,35.289328517826085,119.65786300002766
296,35.27226829758454,119.65572639702988,35.28945797911454,119.65782449542714
297,35.27988451948929,119.65803947447968,35.289650025280004,119.65790800153447
298,35.27853960028458,119.65943617521954,35.2894595288353,119.65786149501038
299,35.27591729393769,119.6587676644249,35.2896534823494,119.6578119933529
300,35.27393400898743,119.65825068353844,35.2896369718628,119.65783750414086
301,35.271610202701574,119.65754337012005,35.28955948582459,119.65777250527573
302,35.27461785307694,119.65769980251027,35.28942597142029,119.65767500697804
303,35.27664399376679,119.65841766595078,35.289529981525426,119.65757025181485
304,35.27540654173661,119.65765164195729,35.28963399163056,119.65746549665165
305,35.27456856003571,119.65545108317566,35.289515736015325,119.65745350121689
306,35.27381044855881,119.65420762597752,35.28939748040009,119.65744150578213
307,35.27564293375779,119.65455063580704,35.28935450545121,119.65736649333668
308,35.27750015488434,119.65397631525231,35.28909200659562,119.6573824971838
309,35.277765395553594,119.65356821715069,35.288980009468084,119.65737799703312
310,35.277059080513006,119.65486175715161,35.28879350653458,119.65738750397396
311,35.27600085964966,119.65392699240876,35.288399996669774,119.65746449827385
312,35.27757102480698,119.65441232322884,35.288398148925786,119.657481336586
313,35.276682379158025,119.65558456777764,35.28839636078644,119.65749815999699
314,35.276508750827794,119.6568140029831,35.288394513042455,119.65751499830914
315,35.27917665472794,119.65804056226445,35.288260521801,119.6575190067215
316,35.276297571571355,119.65947208701802,35.2884140037613,119.65743199884129
317,35.273497822196966,119.65729969143105,35.28840095034409,119.65740486382676
318,35.27094340554047,119.65469693540764,35.28838795653153,119.65737771391106
319,35.27035415402222,119.65304184853268,35.288374903114324,119.65735056399537
320,35.27210593453217,119.65210547446442,35.28836190930176,119.65732342898083
321,35.27819282046128,119.65188463925553,35.28834885588456,119.65729627906514
322,35.27810001602936,119.65204570590687,35.288335862071996,119.6572691440506
323,35.278006555946355,119.65220622121525,35.28832280865479,119.6572419941349
324,35.27791238060761,119.65236615537835,35.28830981484223,119.65721485912037
325,35.27781737080384,119.65252553819847,35.28829676142502,119.65718770920468
326,35.27772176495362,119.65268432497216,35.28828376761246,119.65716057419014
327,35.27762532463837,119.65284256040287,35.28827071419526,119.65713342427445
328,35.27752816906739,119.6530002146883,35.288257720382695,119.65710628925991
329,35.277430417449956,119.65315731763077,35.28824466696549,119.65707913934422
330,35.2773318313675,119.65331383942795,35.28823167315293,119.65705200432969
331,35.27723264923859,119.65346976517868,35.28821861973572,119.65702485441399
332,35.27713263264466,119.65362512468529,35.28820562592316,119.65699771939946
333,35.27703190079499,119.65377993284893,35.288192572505956,119.65697056948376
334,35.27693057289887,119.65393414496613,35.288179578693395,119.65694343446923
335,35.276828529747014,119.6540877908392,35.28816652527619,119.65691628455353
336,35.27672577133942,119.65424084066582,35.28815353146363,119.656889149539
337,35.27662229767609,119.65439333914948,35.28814047804642,119.6568619996233
338,35.27651816836167,119.65454525648785,35.2881224774437,119.65686125456524
339,35.2762457155304,119.65432203709317,35.28810447684098,119.65686049460602
340,35.27585375538636,119.65368320941162,35.28801548710633,119.65691199301911
341,35.27532470455933,119.65252577661705,35.288077475936895,119.65686849652958
342,35.27513182392884,119.65138951837254,35.28823447457123,119.65677199660969
343,35.276985945613866,119.65282403825951,35.28792751065064,119.65685699283314
344,35.27853650084305,119.65497306882573,35.287887992771154,119.65683599709702
345,35.27906620732117,119.6567466497345,35.287985505970006,119.65676900147629
346,35.27644533148575,119.65638812779618,35.28788298598099,119.65679300724697
347,35.27260005703736,119.65544270872307,35.28790301314164,119.65665999948216
348,35.27389145127106,119.65655981897545,35.287868025215154,119.6566490024252
349,35.27371895542908,119.65561083852482,35.287813010128026,119.65675949453545
350,35.30985856285859,119.64852457641793,35.30915963879395,119.65049632786942
351,35.31235891810227,119.63816102742386,35.31841647854615,119.64766224621964
352,35.30228066674042,119.64842321871949,35.31860298147965,119.64689500033093
353,35.300878765495305,119.64129526316357,35.31865525475312,119.64688750504685
354,35.30261314144898,119.63755796252919,35.3188727521019,119.64685600399208
355,35.30203402272034,119.63837204276753,35.31932026377488,119.64683274327946
356,35.29860306015778,119.64132382868958,35.3176469825821,119.64613200127316
357,34.994570257575994,120.07268496751023,35.336788775833135,119.64512925743294
358,35.08330351343918,119.9276271253748,35.34431380263138,119.64178859590722
359,35.166449787529,119.80145581214857,35.3484873794632,119.63926019667817
360,35.2522583030777,119.70090355872345,35.34815198412705,119.6398650050087
361,35.32667505970765,119.63546811937523,35.34970498314667,119.64115699528885
362,35.33026844492722,119.6416903376503,35.350475015552526,119.64037499725056
363,35.32796609631348,119.64287953972054,35.350726010711675,119.63985999821854
364,35.32339531412888,119.64424627422524,35.34922200671006,119.63796999453736
365,35.322039129646306,119.64746420978737,35.34922802677918,119.63791000246239
366,35.32644319763947,119.64898284672928,35.3497679852562,119.63784300684166
367,35.322068812759404,119.64873504041863,35.34981900683213,119.63787799476815
368,35.32474518051911,119.64781924485398,35.349870028408056,119.63791299759579
369,35.32215500107575,119.64626766144467,35.34969300261307,119.63791700600815
370,35.32344269982148,119.64474315344525,35.349703016193395,119.63792849480343
371,35.32313579550553,119.64472987651062,35.34971302977372,119.63793999849987
372,35.32316315403748,119.6446943670435,35.349370005043035,119.63775799571705
373,35.32298064461518,119.64491584300232,35.349471988590246,119.63776499926281
374,35.322851302536016,119.64502429365349,35.34986001482773,119.63787799476815
375,35.32264179220963,119.6451589554472,35.350633027465825,119.6387800067587
376,35.32254994145203,119.64704542755318,35.35066300860215,119.63877499996853
377,35.32135546437073,119.64642014502716,35.350647988231664,119.63882299660874
378,35.321288230331426,119.64686951934529,35.350732984455114,119.63929800092411
379,35.322158934982305,119.64817579983902,35.35070300331879,119.63930999635888
380,35.32285046807099,119.64892306327057,35.35067302218247,119.63922799526883
381,35.32608533135224,119.64891906975937,35.34915602436829,119.63766300081444
382,35.31938994160462,119.64796544014645,35.348704996021276,119.63786300419999
383,35.318573954017644,119.64780434369278,35.350053014667516,119.63788599669171
384,35.324178578765874,119.63518741130066,35.35022098055649,119.63804800211621
385,35.32744038334656,119.6300743460579,35.349865021617894,119.63778599499894
386,35.327390375049596,119.62961035370064,35.34899401894379,119.63752799629403
387,35.320771338851934,119.6326520681305,35.34891998997498,119.63755499719811
388,35.32008004418183,119.63472170530987,35.348789992244726,119.6374600022955
389,35.31898427239228,119.64069868027401,35.34857499829102,119.63754000662995
390,35.32392442456055,119.63889312147332,35.34833497038651,119.63746800421906
391,35.32466531029511,119.63817586898041,35.34840899935532,119.63728500305844
392,35.33068073025513,119.63965336381627,35.34840798607636,119.63725999890995
393,35.3310085558014,119.64281594156456,35.34857499829102,119.6371760010643
394,35.328123035343175,119.6450947165413,35.34858501187134,119.63706999420357
395,35.32386344900895,119.64318972229195,35.34877097836304,119.63707999288273
396,35.31974804631043,119.64199187754822,35.348635973842626,119.6368499934597
397,35.31958270302582,119.64351835250092,35.348545970829015,119.63674300312233
398,35.32014560929108,119.64217791854573,35.34855997792054,119.63680800198746
399,35.32521903744507,119.64221926926804,35.34845400086213,119.63628999292088
400,35.3237892412262,119.64442502855492,35.34799999228287,119.63624600469304
401,35.326264264495855,119.64622619151307,35.34812999001313,119.63628500103188
402,35.32625568142701,119.64449232219887,35.348253013999944,119.6360959947033
403,35.3212097906189,119.64306291341019,35.34808999529648,119.63589600621891
404,35.325051071556096,119.63004710673523,35.348524989994054,119.63583300410939
405,35.32675719490815,119.62507461904717,35.34881597986985,119.63587599395943
406,35.32648027172852,119.62329136728478,35.34882098666001,119.63583599924279
407,35.322801234634404,119.62627715765667,35.348865988166814,119.63584899305535
408,35.321986081512456,119.63237842320633,35.348953010948186,119.63587299882603
409,35.321904303939824,119.6413237839861,35.34892100325394,119.63596799372864
410,35.32610720625687,119.64090594052506,35.34858000508118,119.63580099641514
411,35.32053065529633,119.63933219908905,35.34908098212052,119.63589299618435
412,35.322429778488164,119.63949159681034,35.34864998093415,119.63573300241661
413,35.32757973900605,119.64108031391335,35.3487759851532,119.63582099377346
414,35.32567483416367,119.64135501681996,35.34830099573899,119.6357649952097
415,35.32465422383118,119.63981390892697,35.347957971008306,119.63582500218583
416,35.32212305298615,119.64107515811158,35.34761101237107,119.63554599284363
417,35.32180011502076,119.64251867829991,35.3474109791832,119.63547099529934
418,35.32424402466584,119.64440652131272,35.34772098294068,119.63540300130082
419,35.32444000473786,119.64583163856697,35.34770602217484,119.635269993536
420,35.321368458183294,119.64587470292282,35.347590985210424,119.63531800507737
421,35.32101696959305,119.64190904199315,35.34736001721192,119.63540799318982
422,35.31693327656556,119.63877161740494,35.34772598973084,119.63535500466061
423,35.31877851715851,119.63794201015664,35.34762597313691,119.63535299300385
424,35.3227944397049,119.63717895149422,35.34738999834824,119.6354349940939
425,35.32834565869141,119.63683181404305,35.35016501179505,119.64027499555779
426,35.32800829640198,119.63583009838295,35.35036200514603,119.64007299541665
427,35.32719421616364,119.63388612269593,35.35006702175904,119.64035499989224
428,35.32674277058411,119.63568677901459,35.35011697045136,119.6403037547989
429,35.32608700028229,119.63942461609078,35.35016697874833,119.64025249480439
430,35.3251696847992,119.64300403892231,35.35021698704529,119.64020124971104
431,35.329573633583074,119.64743551015091,35.35026699534226,119.6401500046177
432,35.32442432871628,119.64832516907883,35.350125017078405,119.64030150472355
433,35.32271945706177,119.6478637397213,35.34940201273728,119.64084800481034
434,35.319813373001104,119.64598385392857,35.34876698485184,119.63989799617958
435,35.31955075493622,119.64585312604142,35.34075200787354,119.55194299816323
436,35.318722250373845,119.62987757622433,35.34477699032593,119.53962739705277
437,35.32051038971711,119.60559868215752,35.34508002033997,119.53415798544121
438,35.322363021286016,119.58195146321488,35.34496802321244,119.53411799072457
439,35.32005262604523,119.56363012789917,35.3449850105362,119.53412201403809
440,35.32473868361283,119.54966112374497,35.34502649536896,119.53413751124573
441,35.32338732710648,119.54713394641114,35.345067980201726,119.53415300845337
442,35.3208218835907,119.54621526002121,35.34498697748948,119.53413700460625
443,35.32051241627503,119.54575988053513,35.34499252072144,119.53409450649453
444,35.320354225547796,119.54407622813416,35.34499800434876,119.5340520083828
445,35.320142152221685,119.54365819095803,35.34503698578644,119.534095013134
446,35.324605586441045,119.5339785158558,35.345030012043004,119.53406500219536
447,35.32463526955414,119.53031542300415,35.344977977188115,119.53407000898552
448,35.32224720946122,119.53123065232468,35.34499001732636,119.53407200574112
449,35.32008433571625,119.53353171943856,35.34496802321244,119.534095013134
450,35.31899464360047,119.53644289969635,35.3449593209343,119.53410401343537
451,35.32044136753846,119.54437082409096,35.34495067826081,119.53411301373673
452,35.32054716578293,119.54399725197983,35.34494197598267,119.53412201403809
453,35.320507051857,119.5434146761818,35.34495997658539,119.53411501049233
454,35.32076955071259,119.54367607235146,35.34499997130204,119.53409999012185
455,35.32042521467972,119.54826709031296,35.34499997130204,119.53409999012185
456,35.31961179009247,119.54934664963913,35.34499997130204,119.53409999012185
457,35.31829929581452,119.5483057439251,35.34499997130204,119.53409999012185
458,35.31681186190415,119.54729866384697,35.34499997130204,119.53409999012185
459,35.31506914130021,119.54623087643814,35.34499997130204,119.53400000333023
460,35.319889666946416,119.54518722891045,35.34499997130204,119.53409999012185
461,35.31989556780625,119.54573299884034,35.34509998789597,119.53420000671578
462,35.32063079109955,119.5483310460968,35.345035018833165,119.53412800430489
463,35.32132137051392,119.5507996022625,35.34509998789597,119.53409999012185
464,35.31912422409821,119.5495751738472,35.34499997130204,119.53409999012185
465,35.316102983863836,119.54688983558846,35.34490001431275,119.53409999012185
466,35.312431754978185,119.54599782227707,35.34501201144028,119.53412201403809
467,35.31492388478089,119.54493495225144,35.34489202729035,119.5341030001564
468,35.31984091034699,119.54445537327958,35.34464800587464,119.53458698987198
469,35.32017016640473,119.5446513533516,35.34483301869202,119.53451200722886
470,35.32137382260132,119.54697539805603,35.34493911495972,119.53432586192322
471,35.32030570736695,119.54554876088334,35.345005812557226,119.53414350151253
472,35.319311144264226,119.54584392308426,35.34498751393128,119.53412600754929
473,35.31842011442948,119.54777213334275,35.345053496273046,119.53410323857499
474,35.31724333992768,119.5494999527855,35.34504252901841,119.53410750030709
475,35.321195485504155,119.5502158641739,35.345045986087804,119.53412898778153
476,35.31505918732453,119.54912819861603,35.3450214885788,119.53411399721337
477,35.31355613699723,119.5491907238884,35.34505701294709,119.534104996912
478,35.31457054844666,119.54996743201447,35.34502834311295,119.53411000370217
479,35.31581324568558,119.55041160582734,35.34489065638352,119.53453432916832
480,35.31692159405518,119.55044453739357,35.34302002421189,119.5450270116253
481,35.31267678967286,119.55133452414704,35.33674001923371,119.55905320643616
482,35.31139469376374,119.55524560212326,35.32623338928986,119.58534600733948
483,35.310900750072484,119.56465306281281,35.29119998446274,119.67330000697804
484,34.853525521667486,119.49079882501793,34.82032567492295,119.58920066951943
485,34.850100310953145,119.49621071814728,34.82316017380524,119.60526750384999
486,34.76477501025963,119.42544295787049,34.743950801404004,119.5174803972168
487,34.76377441218663,119.44033508896065,34.74882099262047,119.5622716784401
488,34.759976478727346,119.47839918135834,34.742992597134595,119.634562993042
489,34.75650528302956,119.51902385949326,34.74621266356278,119.61693132816983
490,34.74983148506451,119.55789848565293,34.74944900205899,119.5840386688633
491,34.74490121236611,119.58292301892472,34.74949732652474,119.56957134007645
492,34.745167034180646,119.58885776399804,34.74963550499249,119.55497624873352
493,34.74817636838723,119.58242731689644,34.74822066953946,119.53899067043496
494,34.752171816738134,119.5666587591095,34.744137393744474,119.51229479312134
495,34.753159763725286,119.54809378980828,34.74348134032059,119.4928758382721
496,34.753146665604596,119.53013544677925,34.74680666855145,119.47036134599877
497,34.75300944081116,119.510554069273,34.74888482919503,119.45992132424546
498,34.753192710192685,119.49206637739373,34.7508323960619,119.44827681183052
499,34.75400997927952,119.47585054635239,34.752342196615224,119.42490100263787
500,34.75640993049908,119.46087315081787,34.75217224887181,119.41352575420571
501,34.75880214801598,119.44686346649361,34.75204166999627,119.3984810054226
502,34.76093998781014,119.43356170653534,34.752007337720876,119.389077329628
503,34.76255762806702,119.42086293696595,34.755200000913625,119.37297799586487
504,34.76399064293671,119.40775253771973,34.755127000124936,119.37167700528336
505,34.76435993841458,119.40103527306748,34.75151333442498,119.39288165568543
506,34.76552520921994,119.40198987125588,34.75159159532357,119.40755500792694
507,34.76701742640305,119.40756832956505,34.75169575444031,119.42677074073983
508,34.76789702704716,119.4165102779789,34.75109833708573,119.44153832792473
509,34.76658553114701,119.42930182217789,34.74976919821072,119.45539318918419
510,34.76519485047627,119.44182693361473,34.746971996934896,119.46898701190186
511,34.763411404998784,119.45484119056893,34.744851993830686,119.48318883179856
512,34.761435213001256,119.46816554068756,34.74324719837475,119.49931141137314
513,34.758973213346486,119.48157950638962,34.74405375352669,119.51422801016999
514,34.7568800025301,119.49532904624176,34.74674399426747,119.52961733340454
515,34.75524811676312,119.50946851968003,34.74861166110802,119.5417633294983
516,34.754787492068296,119.52299811839295,34.749415504248624,119.55523675083352
517,34.754749032171254,119.53600552081299,34.749852003963476,119.57177951335144
518,34.75511844685841,119.54930367469025,34.75021367004681,119.5828489899559
519,34.76391363373566,119.54459535478783,34.74910666278172,119.60127099751664
520,34.76302533081341,119.554090970747,34.74727699390221,119.61473699807358
521,34.75734938910771,119.57170995473099,34.74379649987984,119.6296299934311
522,34.74392880729008,119.59439783691597,34.74438859751988,119.6117685973568
523,34.73814188173581,119.60423451065255,34.747025670917516,119.59614066182804
524,34.74389545849133,119.61202330290509,34.74745600155163,119.57799448966217
525,34.74685450127888,119.60432852207852,34.745851757438665,119.56513249277306
526,34.75059585502911,119.59186249374581,34.747841196568494,119.54970639347268
527,34.74932398131657,119.57428863047791,34.74644980064202,119.53407859205437
528,34.75063488117028,119.55986853837204,34.74396825066376,119.51653825639916
529,34.7511102133112,119.54494383334351,34.743812995465284,119.50202381014061
530,34.75134702256489,119.53025909661484,34.74441659680176,119.48612740039063
531,34.75154710045624,119.51521339415741,34.74683059981633,119.47053679227066
532,34.75125062695313,119.50028401016426,34.74931933215428,119.45609932541085
533,34.75212609997559,119.48594226836396,34.75031240514088,119.43974801301194
534,34.754283847721105,119.47190799712372,34.75073616436291,119.42476501464081
535,34.75690943232346,119.45782705544663,34.75102080634404,119.410132402174
536,34.759371730001455,119.4439831614418,34.75109149745274,119.39521949886513
537,34.76096032789517,119.43048533200455,34.7522353403883,119.38465800284577
538,34.76193954280186,119.41765269040299,34.7529439949112,119.38143300413323
539,34.763149040253644,119.40714179872704,34.753652664335256,119.37820800542069
540,34.76488708189297,119.39910184740258,34.75436133375931,119.37498300670815
541,34.76669867566395,119.3932918846531,34.75507000318337,119.37175800799561
542,34.76831364861298,119.38928755521012,34.75506924322415,119.37174975275231
543,34.768485563309675,119.38706012963486,34.75506849816609,119.371741497509
544,34.7680597477274,119.38568338154984,34.75506775310803,119.3717332422657
545,34.76737822821904,119.38503339289856,34.75506699314881,119.3717249870224
546,34.76683257749844,119.38486495017243,34.75507000318337,119.37171849011612
547,34.766832741411214,119.38485827445221,34.75507299831677,119.37171199320984
548,34.76683342686463,119.38485180734826,34.75507425001431,119.37170808910561
549,34.76683476796914,119.38484599589539,34.75507550171185,119.37170415519905
550,34.76683654120732,119.38484104870987,34.75507675340939,119.37170025109482
551,34.7668387763815,119.38483684658242,34.75507800510693,119.37169634699059
552,34.76684059432316,119.38483306168747,34.75507925680447,119.37169241308403
553,34.76684200993348,119.38482957481575,34.75508049360085,119.3716885089798
554,34.76684344044495,119.38482611774636,34.75508174529839,119.37168457507325
555,34.76684482625294,119.38482269047928,34.75508299699593,119.37168067096901
556,34.76684627166558,119.38481923340989,34.75508424869347,119.37167673706246
557,34.76684770217705,119.38481580614281,34.75508550039101,119.37167283295823
558,34.766849087985044,119.38481228946877,34.75508675208855,119.37166892885399
559,34.76685053339768,119.3848088622017,34.75508800378609,119.37166499494744
560,34.766851963909154,119.3848054051323,34.75508649876881,119.3716637432499
561,34.76685305169392,119.38480239509774,34.75508499375153,119.37166249155236
562,34.766853722246175,119.38479998110962,34.75508350363541,119.37166123985482
563,34.76685367754269,119.38479819297028,34.75508199861813,119.37165998815728
564,34.76685300699044,119.38479691147042,34.755084293396955,119.37166249155236
565,34.76685194900799,119.38479655384255,34.75508660307694,119.37166499494744
566,34.76685138276387,119.38479691147042,34.755088897855764,119.37166749834252
567,34.76685163608361,119.38479786514473,34.75509119263459,119.3716700017376
568,34.766852723868375,119.38479947447014,34.75509350231457,119.37167250513268
569,34.76685464611817,119.3848014116211,34.7550957970934,119.37167500852776
570,34.766856598170286,119.38480337857438,34.75509810677338,119.37167751192284
571,34.76685852042008,119.38480534552765,34.755100401552205,119.3716799855156
572,34.766860472472196,119.38480722307396,34.75510269633103,119.37168248891068
573,34.76686240962315,119.38480924963189,34.755105006011014,119.37168499230576
574,34.766864346774106,119.3848111271782,34.75508900216389,119.37200524806214
575,34.76692693165112,119.38531240224076,34.75507299831677,119.37232550381852
576,34.76712022951413,119.38624864219857,34.75505699446965,119.3726457595749
577,34.76748518875409,119.38737999796105,34.75504100552369,119.37296598552895
578,34.76802666714955,119.38854175209237,34.755025001676565,119.37328624128533
579,34.7686538570242,119.389728957407,34.75500899782944,119.3736064970417
580,34.769298630269056,119.39094012378884,34.75499299398232,119.37392675279808
581,34.769960912378316,119.39217513202858,34.75497700503636,119.37424700855446
582,34.77064049473572,119.3934336543007,34.75271900227833,119.3866575002594
583,34.770337956460004,119.3964534640236,34.75200349322129,119.404680514328
584,34.769385355027204,119.40274458526802,34.7515333317833,119.4193446576519
585,34.768152060420995,119.4119240581913,34.75091760090161,119.43490900992585
586,34.76680074861813,119.42345600723458,34.74895049861241,119.45155450104905
587,34.76540877154637,119.4368461012764,34.74600260189343,119.46847938894463
588,34.7632875614481,119.4513174831791,34.74435267082024,119.4819993317051
589,34.76112275055218,119.46552487611008,34.7427635066824,119.50326415299607
590,34.75876835218239,119.48081921934319,34.74499659469891,119.51908361314965
591,34.75670120349694,119.49679186343384,34.748324992568975,119.53398098944855
592,34.755185025246625,119.51227369307709,34.749346496971135,119.55008825062943
593,34.75456300607491,119.52705531715584,34.74972999325562,119.56657349466515
594,34.75482902160454,119.54227980374527,34.74898000291157,119.58708425759507
595,34.75541359415818,119.55775698422623,34.748229997666364,119.60759500562382
596,34.75535081556607,119.57441093920899,34.74497199288178,119.61501266955567
597,34.75386041632462,119.58998858331871,34.736179994853025,119.62754000126553
598,34.75092719724942,119.60391920208168,34.744829999716764,119.62937700151635
599,34.74955088129807,119.60641154050064,34.74903799823094,119.6065390050335
600,34.74588002494145,119.60730948447419,34.75108400216866,119.59283999501896
601,34.74372323087025,119.6043949216528,34.750362994583135,119.58043249844742
602,34.744467424662595,119.59753903149796,34.749506252320295,119.56163724660111
603,34.749348985465055,119.58538773059082,34.74922074607182,119.54969575404358
604,34.75314210584927,119.57269802092743,34.746942403228765,119.53055679201317
605,34.753511863263135,119.55830355881882,34.744439335973745,119.51546748875809
606,34.753317879946714,119.54352899789048,34.743105801256185,119.50016700624657
607,34.75268002084065,119.5283895075245,34.74464133611489,119.48409717678261
608,34.751917826445585,119.51353150009346,34.74659259846974,119.47018440961075
609,34.75130857756901,119.4986622571869,34.74964000514317,119.4553979873581
610,34.751983719380384,119.48471667765808,34.751413839371686,119.44055616258812
611,34.753984051259046,119.47114097475243,34.75174840024281,119.42456879615021
612,34.7569038890915,119.45750036238861,34.75173819294739,119.40903698801232
613,34.75952910116482,119.44399192332459,34.751286002309804,119.3939022362156
614,34.76164824000168,119.43029048442078,34.75405250719357,119.37718924283219
615,34.76324451199341,119.41605534552765,34.75411518147755,119.37686529158783
616,34.76441782942582,119.40428062676621,34.75417785576153,119.37654134034348
617,34.765383275659566,119.3961214661522,34.754240530045514,119.37621738909912
618,34.76608200600911,119.39128389357758,34.754303204329496,119.37589343785477
619,34.766578363688474,119.38904109000397,34.75436587861348,119.3755694568081
620,34.76664421191979,119.38875376581383,34.75442855289746,119.37524550556374
621,34.76671187809277,119.3884668588562,34.7544912420826,119.37492155431939
622,34.766781451614385,119.38818027972412,34.75455391636658,119.37459760307503
623,34.7668528281765,119.38789408802224,34.75461659065056,119.37427365183068
624,34.76692605248261,119.38760834335518,34.754679264934545,119.37394970058632
625,34.767001139433866,119.387322956316,34.754741939218526,119.37362574934197
626,34.767078029425626,119.38703801631165,34.75480461350251,119.37330176829529
627,34.767156767161374,119.38675346373749,34.75486728778649,119.37297781705094
628,34.767237397344594,119.38646935819817,34.75492997697163,119.37265386580658
629,34.76731981566716,119.38618564008904,34.75499265125561,119.37232991456223
630,34.76740411153603,119.38590245842171,34.755055325539594,119.37200596331787
631,34.76749024024773,119.38561972378922,34.755117999823575,119.37168201207352
632,34.7675782614069,119.38533740638924,34.755115243108754,119.37167974709702
633,34.76753901174832,119.3851342141552,34.755112501295095,119.37167751192284
634,34.76737989714909,119.38502925037575,34.755109744580274,119.37167524694634
635,34.76718138387967,119.38500233887864,34.755107002766614,119.37167301177216
636,34.767033832581525,119.38501530288887,34.75510542324353,119.37167184948159
637,34.76703149309922,119.38501372336579,34.7551038586216,119.37167071699334
638,34.76702937713433,119.38501244186592,34.755102279098516,119.37166958450509
639,34.76702749958802,119.38501130937767,34.75510071447659,119.37166842221451
640,34.767025860460286,119.38501032590104,34.755099149854665,119.37166728972626
641,34.76702450445462,119.38500949143601,34.75509757033158,119.37166615723801
642,34.76702317825127,119.38500862716866,34.75509600570965,119.37166499494744
643,34.76702179244328,119.38500779270363,34.75509442618657,119.37166386245919
644,34.76702045133877,119.38500692843628,34.75509286156464,119.37166270016861
645,34.767019095333104,119.38500603436661,34.755091282041555,119.37166156768036
646,34.767017739327436,119.3850052297039,34.75508971741963,119.37166043519211
647,34.767016353519445,119.38500439523888,34.75508813789654,119.37165927290154
648,34.767014967711454,119.38500353097153,34.75508657327462,119.37165814041329
649,34.767013596804624,119.38500266670418,34.75508499375153,119.37165700792504
650,34.767012255700116,119.38500183223915,34.755084665925985,119.37165700792504
651,34.767010989101415,119.38500114678574,34.75508433810044,119.37165700792504
652,34.767009841712,119.3850006997509,34.75508399537373,119.37165700792504
653,34.767008977444654,119.38500043153,34.755083667548185,119.37165700792504
654,34.767008381398206,119.38500031232071,34.75508333972264,119.37165700792504
655,34.76700809827614,119.38500040172768,34.75508299699593,119.37165700792504
656,34.76700780025292,119.38500037192536,34.75509299567509,119.37165000437928
657,34.7666246615963,119.38562893270684,34.75509399405289,119.37165098785592
658,34.766676726253515,119.38562416433525,34.75509500733185,119.37165200113488
659,34.766923385174756,119.38543098568154,34.75509399405289,119.37164866327477
660,34.767136561186796,119.3852913021965,34.75509299567509,119.37164532541466
661,34.76718518367577,119.38524838685227,34.75509199729729,119.37164198755455
662,34.767017858536725,119.38499149083329,34.753662007363324,119.38129200934601
663,34.76671721270848,119.38844423889351,34.752232002528196,119.39094200133515
664,34.76634456446934,119.3956664740963,34.75148700407315,119.40945299863053
665,34.76616943112183,119.40515180825425,34.75146582952309,119.42538284658623
666,34.766149120839124,119.4159769952221,34.750604005964284,119.44122179745865
667,34.76585871210862,119.42840486168099,34.74859179786015,119.45809441208077
668,34.76462584963608,119.4419730544014,34.74599500230122,119.47443276046944
669,34.762642668993955,119.45670344828797,34.74387249580193,119.49198173879815
670,34.76048262646962,119.4716446638031,34.74350799849797,119.51018425225449
671,34.758189740093236,119.4874431133194,34.74557174971867,119.52305724620057
672,34.756106170328145,119.503145450346,34.74833825460244,119.53797974585724
673,34.75494368603993,119.51819726227951,34.74926966658402,119.55804132818413
674,34.75456390014458,119.53325121998024,34.749749007137304,119.57312151192856
675,34.75474095574189,119.54825612305832,34.749387668879514,119.59230033456517
676,34.755374255092626,119.56352775692177,34.74576732745934,119.60741367339325
677,34.75498475364018,119.57935702203942,34.74588799706269,119.61850800513459
678,34.75436103573609,119.59505430757237,34.73633499673176,119.64432499705983
679,34.75165145328808,119.60410583912564,34.741267996342664,119.63542000352574
680,34.745997550399785,119.61332591771317,34.746116744788175,119.61078574656678
681,34.741724225194936,119.61684297918511,34.74758839836884,119.5994982063694
682,34.74042484393883,119.61420811115933,34.749506595047,119.57404919861985
683,34.74322681358624,119.60440721511078,34.749417396696096,119.56124358772469
684,34.748207407505994,119.58912899493409,34.74861824742127,119.53710999488068
685,34.751310335906034,119.57045569419098,34.7478469931202,119.53338699936104
686,34.753138291152005,119.55401220320893,34.74685150614548,119.52752950190735
687,34.75322930744458,119.54139395951462,34.74446049562264,119.50617598890496
688,34.752151595862394,119.53003671168518,34.74526883891392,119.48123466371727
689,34.75094117453862,119.51591950058175,34.74674040308762,119.46982380150986
690,34.75086629620362,119.50186344384385,34.75108820429612,119.44566800593567
691,34.75283092490006,119.48482885359955,34.75212779870797,119.43225618600083
692,34.754789369614606,119.4675407349987,34.75289699664879,119.41988479494286
693,34.7576452963667,119.4520895719452,34.75226100018788,119.3916606545372
694,34.760568084629064,119.43625911473465,34.75328499308396,119.3823659956379
695,34.76290181508828,119.42036333083344,34.75508199861813,119.37170001267624
696,34.76610161593724,119.40676828622055,34.755111994655614,119.37167500852776
697,34.76847785940934,119.39656423925591,34.755115004690175,119.37167500852776
698,34.769559102566724,119.38924970626069,34.755115004690175,119.37166499494744
699,34.76941563418675,119.38633381723595,34.755111994655614,119.37166699170304
700,34.76713800659943,119.38609575628472,34.755125003369336,119.37168999909592
701,34.76715459159184,119.38609867691231,34.755121993334775,119.37168698906136
702,34.76702866187859,119.38602029680443,34.754438000233655,119.37233501075936
703,34.76800145438481,119.38944497107697,34.74991660049725,119.54263281225396
704,34.764369996698385,119.42074006199074,34.750007661493306,119.555969679348
705,34.760413052948,119.46262102722359,34.74981600275803,119.57306467889977
706,34.75799793234635,119.50515561699105,34.750527995141034,119.58696200846863
707,34.51008314123917,119.33611049651337,34.45795600345898,119.24920597075653
708,34.910065146596914,119.3324719905777,34.875552209527974,119.6280478030367
709,34.90518462887574,119.38109185694886,34.87163639298249,119.43823220729065
710,34.851003112705236,119.23302783965302,34.83269775143433,119.19043823479844
711,34.85179811945725,119.23424657582474,34.83269548645783,119.1904455065651
712,34.85279092422295,119.23596408366394,34.83269325128365,119.19045277833176
713,34.85303491583634,119.23682310580445,34.83269098630715,119.19045999049378
714,34.85317754975129,119.23770781754685,34.832692178400045,119.19045498370362
715,34.85309243431855,119.23754163979721,34.83269334069062,119.19044997691346
716,34.852240147502904,119.23671331404877,34.83269450298119,119.19044502972794
717,34.85078731408883,119.2356645107193,34.832695665271764,119.19044002293778
718,34.8491516434269,119.23456087111664,34.83269682756234,119.19043501614762
719,34.8481990419941,119.23316570519638,34.83269798985291,119.19043000935746
720,34.847291322858815,119.23185815810395,34.83269533744622,119.19042601584626
721,34.84787512055207,119.23268553017807,34.8326926552372,119.19042202233506
722,34.85028070441056,119.23528983592225,34.83269000283051,119.19041802882386
723,34.854040505798345,119.23876609801484,34.83269134393502,119.19041731356812
724,34.856925012977605,119.2399752974434,34.8326926552372,119.19041665791703
725,34.85666498771477,119.23997440337372,34.83269399634171,119.19041600226593
726,34.85475701323319,119.2394691944046,35.00218099585343,119.20199098586274
727,34.865873339088445,119.2382269143982,35.00469801059533,119.21627601384354
728,34.89081040254403,119.24278011321259,34.77349150410462,119.43503149747086
729,34.90300551286507,119.28140112160874,34.77350113025475,119.43503113984299
730,34.902337911041265,119.33042981623841,34.77351075640488,119.4350307524128
731,34.88960072627831,119.37707441448403,34.77352036765385,119.43503036498261
732,34.83435276380349,119.41714816688729,34.77352999380398,119.43503000735474
733,34.99315205446053,119.85015020667744,34.99402898779679,119.8540160000248
734,34.99060279360581,119.84880180060101,34.99461901417542,119.85401149987412
735,34.99777251711655,119.83085889517498,34.994748505266195,119.85388349983079
736,34.997817488821035,119.82474593221379,34.99547648659516,119.85103350001556
737,34.99229884377289,119.8256766438408,34.99463701477814,119.84906650017184
738,34.989458056600576,119.82971177398396,34.99329349628258,119.84823599978519
739,34.98470735779572,119.83309043347073,34.993126007230764,119.84816499994305
740,34.992853315980916,119.84318175315094,34.991964998157506,119.84866300000978
741,34.992994340570455,119.84266112147999,34.99097651472855,119.85029349996877
742,34.99181559911538,119.84393882154656,34.99090248575974,119.85043149962259
743,34.99198237291146,119.84533181189728,34.99096098771859,119.85114750041795
744,34.99214029541779,119.84665651022625,34.99138650527764,119.85233500003052
745,34.9919639252739,119.84755274056626,34.99208098879624,119.85377399957908
746,34.99023136726189,119.84840645789338,34.99274450770188,119.8541865000425
747,34.98857850065995,119.8474011659546,34.99380898705292,119.85413000042719
748,34.98705193630028,119.84705121218396,34.993904503496175,119.85416500046087
749,34.988325329931264,119.84732084869576,34.994329991252904,119.85399599987251
750,34.9872109018879,119.84494701921177,34.99457898965645,119.85380850042385
751,34.98961574068833,119.84442579149437,34.99471599093247,119.85367300043983
752,34.989017429264074,119.84271305202675,34.99487117162514,119.85358250009996
753,34.990474554212575,119.84135391711426,34.99502632251549,119.8534919997601
754,34.99338594308663,119.84127866625023,34.995181503208165,119.85340150035155
755,34.9937322758751,119.84099336861802,34.99540248742867,119.85019549968821
756,34.99535882702637,119.84199410080147,34.99353501430321,119.84848100002093
757,34.99555486670304,119.84362519680691,34.992531510503774,119.84873800034804
758,34.99654409519005,119.8456859975977,34.99202499023247,119.84808250012976
759,34.996324690492635,119.84586667417717,34.993226500661855,119.8544000001548
760,34.99334168663788,119.84843414425087,34.99354750147629,119.8542274996562
761,34.98983246317673,119.8482714384718,34.99384349814225,119.8542629998101
762,34.98784744969178,119.84707019626332,34.9941295110302,119.85420200004411
763,34.99756738773156,119.82890010773373,34.99557748666573,119.85095899979753
764,34.99762344589997,119.82345535754395,34.99445599547196,119.84920200015587
765,34.99426293602753,119.82471317946148,34.99396598568726,119.8487704997806
766,34.99022236696053,119.82838259040547,34.99252251020241,119.84761400017125
767,34.985648783357625,119.8313919842167,34.991019996316915,119.85130449998361
768,34.99168604841996,119.84329707323742,34.991405489357,119.85296599994582
769,34.992030622871404,119.84591893254948,34.90589648714829,119.57470699547959
770,34.985273214490896,119.8010438993497,35.001893492849355,119.86969199924899
771,34.670203747661596,119.6309421598835,34.66548999628592,119.64782750009728
772,34.664121928127294,119.6342664003296,34.59671949824858,119.63462000488472
773,34.65456092587281,119.63674759267998,34.596922500492816,119.63467950522137
774,34.64885783425141,119.64421648680401,34.59710631749201,119.63450118302536
775,34.63765719762612,119.64351409076882,34.59753399944473,119.63426750301552
776,34.62524843445588,119.64403381346894,34.59757149821687,119.63429700731469
777,34.611992301853185,119.6436752170248,34.59754500022698,119.63427249490452
778,34.60885748496819,119.64115131794644,34.59685499823261,119.63470200597477
779,34.60577401748467,119.64268110095692,34.59728849908877,119.6344174981041
780,34.604000064046865,119.64107035993767,34.59754200136829,119.63435999452305
781,34.612846168191915,119.62123506664467,34.597581500621324,119.63436599969101
782,34.613604667099004,119.61798637508583,34.59756849935818,119.63432500659657
783,34.608100029142385,119.62110897301865,34.59756899854708,119.63428849875164
784,34.96264046660233,120.26214864253235,34.9556503318863,120.2337373435421
785,34.95941698780823,120.23774638175202,34.956031503589635,120.21211799382401
786,34.956203880222326,120.21511127947998,34.95686999193001,120.1874000072403
787,34.95434245696831,120.19914709924889,34.956159385355,120.16163861154747
788,34.953715416105275,120.18140807151032,34.954732539566045,120.14475118517113
789,34.954267355115896,120.1623753249569,34.951051326902395,120.11575042604638
790,34.95572567215729,120.1418837547226,34.94173282614518,120.0954037249012
791,34.9559471928196,120.12101736067963,34.93769979706574,120.08715746700001
792,34.952669712217336,120.10249235629273,34.93380332222748,120.08035779892636
793,34.94718224039841,120.08764641880227,34.92987495890427,120.07351071535778
794,34.94072774282265,120.0754924058838,34.923503878028875,120.06188721358014
795,34.93433985343743,120.06621455549431,34.92050189009476,120.05709646045399
796,34.92976761093903,120.05886256097985,34.91459140411187,120.04768162368966
797,34.9248132728653,120.05134772657586,34.913112165840154,120.04246350526047
798,34.919725956829076,120.04386001228524,34.91238904228974,120.03905225693417
799,34.9154338263588,120.03709902762604,34.910604002388006,120.03828749953938
800,34.91337472430039,120.03293427228165,34.90991199246216,120.03751499354077
801,34.91107562413979,120.0297438740654,34.908057006509786,120.03532300292683
802,34.90839269986916,120.02716552614403,34.90854999652672,120.03518199323845
803,34.90850818386841,120.02768650054169,34.908560993583684,120.03607850670052
804,34.90844297638703,120.02857690452767,34.908887507827764,120.03771249353123
805,34.908611299903875,120.02997135519219,34.90970000854302,120.03841000198555
806,34.90489068857003,120.02994721531105,34.90979698530007,120.03857699929905
807,34.90399131408501,120.02916848062706,34.91063800683785,120.03893300294114
808,34.90689641466904,120.0317284107132,34.9117600046711,120.03923999666405
809,34.90669816962052,120.03197517394257,34.912380012186055,120.03908700644207
810,34.91376412144471,120.01335247754288,34.9134179972725,120.03437500595284
811,34.910098495395665,120.00440990328026,34.9132579886036,120.03397499918175
812,34.905930640609746,120.00512515901757,34.913161995323186,120.03302999734116
813,34.90405595532227,120.00910561680031,34.91207000842858,120.03243800400925
814,34.90230280390549,120.01431568860245,34.911875011833196,120.03204799591732
815,34.90960282316971,120.02305563687516,34.91072800985146,120.03237200676632
816,34.90979027977753,120.02381309270096,34.9103930019455,120.03225799798203
817,34.90880230298806,120.02372136115265,34.91041499605942,120.03193699716759
818,34.90817913642693,120.02393999098969,34.90987500778008,120.03272200524044
819,34.90582633248139,120.02260559200478,34.90992701283265,120.03226799666119
820,34.904306026609426,120.02126931547356,34.90947500100899,120.03289299606514
821,34.90477025738526,120.02185984849167,34.90850699177552,120.03534499704075
822,34.90626055231858,120.02456056474877,34.90860000482369,120.0359679996891
823,34.90908569327164,120.02850078939629,34.909076990993505,120.03700099288655
824,34.90891152849961,120.0299125254078,34.909751506956106,120.03821850716305
825,34.908198418529516,120.0304948031826,34.91058001151848,120.03901700078679
826,34.90789944163132,120.03058048485947,34.91065201392937,120.03887999951077
827,34.90505361786652,120.02850809096527,34.910091998489385,120.03842999934388
828,34.90284985533524,120.02689483164978,34.909757497222905,120.03808600603772
829,34.90220681062508,120.02609386443329,34.909906985672,120.03878700136376
830,34.90513074627686,120.02802213429642,34.91013699999619,120.039157995574
831,34.91034206977654,120.03198265432549,34.9105669879036,120.03892799615097
832,34.906026872308736,120.02931421398354,34.91087699166108,120.03900700210762
833,34.90448752275277,120.0287930011673,34.91108799210358,120.03912199436856
834,34.90093100300599,120.02577763199044,34.91184300413895,120.03896299897862
835,34.89977675905991,120.02453696130944,34.91229498616028,120.03908199965191
836,34.90179887643624,120.0253217756672,34.91242298713494,120.0389449983759
837,34.90218654504586,120.02295296787453,34.91268998614121,120.03907299935055
838,34.906934025199895,120.02419441341591,34.91363001099396,120.03805299996567
839,34.90833547941018,120.02483787535859,34.913987996490484,120.03713699578476
840,34.909622909935,120.02552735208702,34.91415000191498,120.0361300051136
841,34.91032532087136,120.02582272290421,34.91407698622513,120.03559800385666
842,34.910808952959066,120.02592071294022,34.913154991777425,120.0335570067091
843,34.911042215736394,120.02547227739525,34.91267800560761,120.0331830024643
844,34.910725327642446,120.02487339972687,34.91229298940468,120.03282200693322
845,34.909936221750264,120.0241708397789,34.911886992366796,120.03272500037384
846,34.90889778962899,120.02326347827149,34.91216698518563,120.03274300097657
847,34.910537096174245,120.02455323337746,34.910853000791555,120.03284300266934
848,34.909983518035894,120.02512052058411,34.910845997245794,120.03273766636086
849,34.90776998034287,120.02404194473458,34.91083899370003,120.03263233005238
850,34.90520724883843,120.02232947348786,34.91083199015427,120.0325269937439
851,34.90339988699723,120.01982470750046,34.91031500926781,120.03331000506115
852,34.906438859613424,120.02203827499581,34.90971800914574,120.03327300547791
853,34.90705374112893,120.02354713677597,34.909408005388265,120.03352699577046
854,34.907791259201055,120.02520682810975,34.909087988050466,120.0340579986496
855,34.90774226418305,120.02630805372429,34.908800008209234,120.03482999800873
856,34.90715289345551,120.0263965964241,34.90877750745583,120.0368885040207
857,34.90748343101311,120.02776860593987,34.909080001028066,120.0377869993372
858,34.90708872905541,120.02842521070671,34.90954300990868,120.0384519934578
859,34.907629849823,120.02976944445801,34.910357000740056,120.03898499309254
860,34.905311676176076,120.02898740171624,34.9096800111847,120.03894149660302
861,34.905308785350805,120.02993273138237,34.91012698641587,120.03903300463391
862,34.90169519415665,120.0270726919098,34.91063800683785,120.039486998312
863,34.90216595164109,120.02747713922692,34.911022009761815,120.03928300141526
864,34.90184852710534,120.02749102710915,34.911435010345464,120.03928799330426
865,34.899452032955175,120.02456920742226,34.911711993129735,120.03945199548436
866,34.913327487619405,120.00975730418396,34.911866995008474,120.03955999910069
867,34.914727302701955,120.00412588714791,34.91309699645806,120.03883200287056
868,34.911398711116796,120.0078245937748,34.913661988885885,120.03803499936295
869,34.90302869907189,120.0111441850586,34.912304999740606,120.03298200070095
870,34.89861759773064,120.01591589450074,34.91185000768471,120.03257800041867
871,34.908194901855474,120.02644261120987,34.91097799173165,120.03200800120068
872,34.910109105022435,120.02677314876748,34.911271991642,120.0321430057211
873,34.90913337698746,120.0260404884739,34.90930700531769,120.03334299623204
874,34.908688696535116,120.02610927223397,34.90909499159623,120.03370999693108
875,34.90884614220429,120.02694618105126,34.9090074919777,120.0337382495327
876,34.908631654890065,120.0270649731083,34.908919992359166,120.03376650213433
877,34.90778541794587,120.0266499161644,34.908832492740636,120.03379475473595
878,34.90635314813424,120.02574064730835,34.908744993122106,120.03382300733757
879,34.90596840015221,120.02538376449776,34.90868434539605,120.03405767082405
880,34.90584090581704,120.02536978720856,34.908623667867666,120.03429233431054
881,34.90573719373513,120.02545180319977,34.908562990339284,120.03452699779702
882,34.905632080944066,120.02557315825653,34.90843001237679,120.03490200041962
883,34.9054240607338,120.02581184505654,34.90868300429154,120.03657000660134
884,34.9059020899849,120.02713325022889,34.90920299521256,120.03726200162602
885,34.903486105115896,120.02647771834565,34.91235798826981,120.0393669992609
886,34.899232240827565,120.02662312387658,34.87018677821923,119.84282577768137
887,34.89449629417229,119.99791323541832,34.86871698728371,119.83771350010467
888,34.889912816198354,119.95096730589104,34.86790117851067,119.83208827263844
889,34.885453882129674,119.9033511072321,34.865462186248784,119.82613781801594
890,34.87686282625962,119.86038146316243,34.85859161845017,119.81207792236638
891,34.8650672458725,119.82326819895935,34.85657784572411,119.80252914278937
892,34.86130047074128,119.81386152803135,34.79702073565293,119.65082840024662
893,34.853333296688085,119.78030244409275,34.73613636425305,119.49100228547287
894,34.83775025835801,119.70851128696633,34.73562999299336,119.48030998706055
895,34.81569177141953,119.62775876521302,34.73563799491692,119.48030200003815
896,34.78936276069451,119.55849542617035,34.73559700182248,119.48030799030495
897,34.760518046529775,119.50728150605393,34.73563200465012,119.48028298615647
898,34.752077790411,119.46825190781784,34.73562500110436,119.48031699060631
899,34.74954821399022,119.46503388284874,34.73560300699044,119.48030200003815
900,34.74306993416119,119.47091659306717,34.73562300434876,119.48032700418663
901,34.73787346711922,119.4755817890091,34.73562200597096,119.4803399979992
902,34.73635880878735,119.47770261167717,34.73562500110436,119.48031699060631
903,34.74151307574082,119.4864925086422,34.73565300038624,119.48031201361847
904,34.741402702839856,119.48676820992661,34.73563499978352,119.48029800652695
905,34.74239950111676,119.48682310580445,34.73563300302792,119.48030998706055
906,34.74405087760258,119.48701109885407,34.73564799359608,119.48033698796463
907,34.74520555368233,119.48803129195404,34.73555000356007,119.48039799331856
908,34.74304792514611,119.48800840377045,34.73562500110436,119.48030998706055
909,34.74031247428227,119.48659410475922,34.73559999695588,119.48034700154496
910,34.73918961218167,119.48647841214371,34.73565699389744,119.48036199211312
911,34.73911197713185,119.48697563409043,34.73564300170708,119.48029800652695
912,34.74982184401322,119.46910109519196,34.73565000525284,119.48035498856736
913,34.75013798704911,119.46653642653656,34.73580500713158,119.48037999271584
914,34.747211890728956,119.47534408568573,34.73915483287144,119.48099240063858
915,34.7445169561224,119.48165872096253,34.7378519349413,119.50654914378357
916,34.74292358985711,119.48878692983818,34.78221114209462,119.61489563583565
917,34.7483242922144,119.52114083766175,34.805912586362844,119.6714868634863
918,34.75421409538556,119.56211843489838,34.82438460222054,119.69572099446488
919,34.77002096405793,119.60789951085282,34.830724211843496,119.71041528283787
920,34.79067047169972,119.65227946042252,34.850836487920766,119.75640841721726
921,34.81465208760071,119.69463699459267,34.87282601228524,119.80094099938107
922,34.83075818649102,119.7300722390337,34.90019750824738,119.86812224946154
923,34.84777015677262,119.77057826667262,34.925473006876,119.97094199954701
924,34.866829814823156,119.82701417206955,34.925969990404134,120.04358000456524
925,34.888694854887014,119.895528429739,34.929801496179586,120.0726469993515
926,34.908989133747106,119.96065312027169,34.94145348897744,120.12494000195694
927,34.92475739351082,120.02112829088402,34.94289198747445,120.13971700667572
928,34.934047254236226,120.06936260461045,34.94452798596192,120.15748500227166
929,34.93775981894303,120.10191720127297,34.95147350660134,120.24676176308823
930,34.942058327110296,120.13520284890366,34.95190701118279,120.25251998900605
931,34.946533622653966,120.16784315704537,34.95320898524094,120.2742224872036
932,34.94894948831368,120.19514294861985,34.954678001316076,120.32697700857354
933,34.951076778085714,120.22502901553345,34.95885598889161,120.36243602036667
934,34.95309862724114,120.25605585574341,34.960882993848806,120.37922199963761
